Symbol,Raw Rows,Processed Rows,Reduction (%),Raw Start,Raw End,Proc Start,Proc End,Raw Missing,Proc Missing,Volume OK
360ONE,125833,1694,98.65,2015-02-02,2025-08-26,2015-02-02,2025-08-26,0,0,✅
3MINDIA,193214,2592,98.66,2015-02-02,2025-08-26,2015-02-02,2025-08-26,0,0,✅
AADHARHFC,23729,318,98.66,2024-05-15,2025-08-26,2024-05-15,2025-08-26,0,0,✅
AARTIIND,193542,2592,98.66,2015-02-02,2025-08-26,2015-02-02,2025-08-26,0,0,✅
AAVAS,126169,1691,98.66,2018-10-08,2025-08-26,2018-10-08,2025-08-26,0,0,✅
ABB,193556,2592,98.66,2015-02-02,2025-08-26,2015-02-02,2025-08-26,0,0,✅
ABBOTINDIA,193321,2592,98.66,2015-02-02,2025-08-26,2015-02-02,2025-08-26,0,0,✅
ABCAPITAL,146328,1960,98.66,2017-09-01,2025-08-26,2017-09-01,2025-08-26,0,0,✅
ABFRL,193549,2592,98.66,2015-02-02,2025-08-26,2015-02-02,2025-08-26,0,0,✅
ABREL,193558,2592,98.66,2015-02-02,2025-08-26,2015-02-02,2025-08-26,0,0,✅
ABSLAMC,71109,953,98.66,2021-10-11,2025-08-26,2021-10-11,2025-08-26,0,0,✅
ACC,193563,2592,98.66,2015-02-02,2025-08-26,2015-02-02,2025-08-26,0,0,✅
ACE,193519,2592,98.66,2015-02-02,2025-08-26,2015-02-02,2025-08-26,0,0,✅
ACMESOLAR,14472,193,98.67,2024-11-13,2025-08-26,2024-11-13,2025-08-26,0,0,✅
ADANIENSOL,184321,2469,98.66,2015-07-31,2025-08-26,2015-07-31,2025-08-26,0,0,✅
ADANIENT,193554,2592,98.66,2015-02-02,2025-08-26,2015-02-02,2025-08-26,0,0,✅
ADANIGREEN,131840,1766,98.66,2018-06-18,2025-08-26,2018-06-18,2025-08-26,0,0,✅
ADANIPORTS,193563,2592,98.66,2015-02-02,2025-08-26,2015-02-02,2025-08-26,0,0,✅
ADANIPOWER,193563,2592,98.66,2015-02-02,2025-08-26,2015-02-02,2025-08-26,0,0,✅
AEGISLOG,188380,2523,98.66,2015-02-02,2025-08-26,2015-02-02,2025-08-26,0,0,✅
AFCONS,14996,200,98.67,2024-11-04,2025-08-26,2024-11-04,2025-08-26,0,0,✅
AFFLE,118990,1594,98.66,2015-02-02,2025-08-26,2015-02-02,2025-08-26,0,0,✅
AIAENG,193459,2592,98.66,2015-02-02,2025-08-26,2015-02-02,2025-08-26,0,0,✅
AIIL,24852,333,98.66,2024-04-23,2025-08-26,2024-04-23,2025-08-26,0,0,✅
AJANTPHARM,193561,2592,98.66,2015-02-02,2025-08-26,2015-02-02,2025-08-26,0,0,✅
AKUMS,19508,261,98.66,2024-08-06,2025-08-26,2024-08-06,2025-08-26,0,0,✅
ALIVUS,74515,1004,98.65,2018-04-06,2025-08-26,2018-04-06,2025-08-26,0,0,✅
ALKEM,177186,2373,98.66,2015-12-23,2025-08-26,2015-12-23,2025-08-26,0,0,✅
ALKYLAMINE,190180,2592,98.64,2015-02-02,2025-08-26,2015-02-02,2025-08-26,0,0,✅
ALOKINDS,101294,1357,98.66,2020-02-19,2025-08-26,2020-02-19,2025-08-26,0,0,✅
AMBER,138675,1859,98.66,2018-01-30,2025-08-26,2018-01-30,2025-08-26,0,0,✅
AMBUJACEM,193563,2592,98.66,2015-02-02,2025-08-26,2015-02-02,2025-08-26,0,0,✅
ANANDRATHI,68007,911,98.66,2021-12-14,2025-08-26,2021-12-14,2025-08-26,0,0,✅
ANANTRAJ,193382,2592,98.66,2015-02-02,2025-08-26,2015-02-02,2025-08-26,0,0,✅
ANGELONE,96484,1327,98.62,2015-02-02,2025-08-26,2015-02-02,2025-08-26,0,0,✅
APARINDS,192470,2592,98.65,2015-02-02,2025-08-26,2015-02-02,2025-08-26,0,0,✅
APLAPOLLO,193227,2592,98.66,2015-02-02,2025-08-26,2015-02-02,2025-08-26,0,0,✅
APLLTD,193538,2592,98.66,2015-02-02,2025-08-26,2015-02-02,2025-08-26,0,0,✅
APOLLOHOSP,193563,2592,98.66,2015-02-02,2025-08-26,2015-02-02,2025-08-26,0,0,✅
APOLLOTYRE,193563,2592,98.66,2015-02-02,2025-08-26,2015-02-02,2025-08-26,0,0,✅
APTUS,73584,986,98.66,2021-08-24,2025-08-26,2021-08-24,2025-08-26,0,0,✅
ARE&M,193563,2592,98.66,2015-02-02,2025-08-26,2015-02-02,2025-08-26,0,0,✅
ASAHIINDIA,192058,2592,98.65,2015-02-02,2025-08-26,2015-02-02,2025-08-26,0,0,✅
ASHOKLEY,193563,2592,98.66,2015-02-02,2025-08-26,2015-02-02,2025-08-26,0,0,✅
ASIANPAINT,193563,2592,98.66,2015-02-02,2025-08-26,2015-02-02,2025-08-26,0,0,✅
ASTERDM,137373,1841,98.66,2018-02-26,2025-08-26,2018-02-26,2025-08-26,0,0,✅
ASTRAL,193431,2592,98.66,2015-02-02,2025-08-26,2015-02-02,2025-08-26,0,0,✅
ASTRAZEN,193295,2592,98.66,2015-02-02,2025-08-26,2015-02-02,2025-08-26,0,0,✅
ATGL,124790,1672,98.66,2018-11-05,2025-08-26,2018-11-05,2025-08-26,0,0,✅
ATUL,193507,2592,98.66,2015-02-02,2025-08-26,2015-02-02,2025-08-26,0,0,✅
AUBANK,149064,1997,98.66,2017-07-10,2025-08-26,2017-07-10,2025-08-26,0,0,✅
AUROPHARMA,193564,2592,98.66,2015-02-02,2025-08-26,2015-02-02,2025-08-26,0,0,✅
AWL,65452,882,98.65,2015-12-21,2025-08-26,2015-12-21,2025-08-26,0,0,✅
AXISBANK,193564,2592,98.66,2015-02-02,2025-08-26,2015-02-02,2025-08-26,0,0,✅
BAJAJ-AUTO,193564,2592,98.66,2015-02-02,2025-08-26,2015-02-02,2025-08-26,0,0,✅
BAJAJFINSV,193564,2592,98.66,2015-02-02,2025-08-26,2015-02-02,2025-08-26,0,0,✅
BAJAJHFL,17483,234,98.66,2024-09-16,2025-08-26,2024-09-16,2025-08-26,0,0,✅
BAJAJHLDNG,193517,2592,98.66,2015-02-02,2025-08-26,2015-02-02,2025-08-26,0,0,✅
BAJFINANCE,193564,2592,98.66,2015-02-02,2025-08-26,2015-02-02,2025-08-26,0,0,✅
BALKRISIND,193506,2592,98.66,2015-02-02,2025-08-26,2015-02-02,2025-08-26,0,0,✅
BALRAMCHIN,193563,2592,98.66,2015-02-02,2025-08-26,2015-02-02,2025-08-26,0,0,✅
BANDHANBNK,135967,1821,98.66,2018-03-27,2025-08-26,2018-03-27,2025-08-26,0,0,✅
BANKBARODA,193563,2592,98.66,2015-02-02,2025-08-26,2015-02-02,2025-08-26,0,0,✅
BANKINDIA,193562,2592,98.66,2015-02-02,2025-08-26,2015-02-02,2025-08-26,0,0,✅
BASF,193381,2592,98.66,2015-02-02,2025-08-26,2015-02-02,2025-08-26,0,0,✅
BATAINDIA,193564,2592,98.66,2015-02-02,2025-08-26,2015-02-02,2025-08-26,0,0,✅
BAYERCROP,193159,2592,98.66,2015-02-02,2025-08-26,2015-02-02,2025-08-26,0,0,✅
BBTC,193554,2592,98.66,2015-02-02,2025-08-26,2015-02-02,2025-08-26,0,0,✅
BDL,136099,1823,98.66,2018-03-23,2025-08-26,2018-03-23,2025-08-26,0,0,✅
BEL,193564,2592,98.66,2015-02-02,2025-08-26,2015-02-02,2025-08-26,0,0,✅
BEML,193558,2592,98.66,2015-02-02,2025-08-26,2015-02-02,2025-08-26,0,0,✅
BERGEPAINT,193563,2592,98.66,2015-02-02,2025-08-26,2015-02-02,2025-08-26,0,0,✅
BHARATFORG,193563,2592,98.66,2015-02-02,2025-08-26,2015-02-02,2025-08-26,0,0,✅
BHARTIARTL,193563,2592,98.66,2015-02-02,2025-08-26,2015-02-02,2025-08-26,0,0,✅
BHARTIHEXA,25304,339,98.66,2024-04-12,2025-08-26,2024-04-12,2025-08-26,0,0,✅
BHEL,193563,2592,98.66,2015-02-02,2025-08-26,2015-02-02,2025-08-26,0,0,✅
BIKAJI,51062,684,98.66,2022-11-16,2025-08-26,2022-11-16,2025-08-26,0,0,✅
BIOCON,193564,2592,98.66,2015-02-02,2025-08-26,2015-02-02,2025-08-26,0,0,✅
BLS,166875,2259,98.65,2016-06-15,2025-08-26,2016-06-15,2025-08-26,0,0,✅
BLUEDART,193138,2592,98.66,2015-02-02,2025-08-26,2015-02-02,2025-08-26,0,0,✅
BLUESTARCO,193492,2592,98.66,2015-02-02,2025-08-26,2015-02-02,2025-08-26,0,0,✅
BOSCHLTD,193563,2592,98.66,2015-02-02,2025-08-26,2015-02-02,2025-08-26,0,0,✅
BPCL,193563,2592,98.66,2015-02-02,2025-08-26,2015-02-02,2025-08-26,0,0,✅
BRIGADE,193441,2592,98.66,2015-02-02,2025-08-26,2015-02-02,2025-08-26,0,0,✅
BRITANNIA,193562,2592,98.66,2015-02-02,2025-08-26,2015-02-02,2025-08-26,0,0,✅
BSE,156863,2101,98.66,2017-02-03,2025-08-26,2017-02-03,2025-08-26,0,0,✅
BSOFT,193562,2592,98.66,2015-02-02,2025-08-26,2015-02-02,2025-08-26,0,0,✅
CAMPUS,60748,814,98.66,2022-05-09,2025-08-26,2022-05-09,2025-08-26,0,0,✅
CAMS,89770,1203,98.66,2020-10-05,2025-08-26,2020-10-05,2025-08-26,0,0,✅
CANBK,193564,2592,98.66,2015-02-02,2025-08-26,2015-02-02,2025-08-26,0,0,✅
CANFINHOME,193562,2592,98.66,2015-02-02,2025-08-26,2015-02-02,2025-08-26,0,0,✅
CAPLIPOINT,193480,2592,98.66,2015-02-02,2025-08-26,2015-02-02,2025-08-26,0,0,✅
CARBORUNIV,193209,2592,98.66,2015-02-02,2025-08-26,2015-02-02,2025-08-26,0,0,✅
CASTROLIND,193563,2592,98.66,2015-02-02,2025-08-26,2015-02-02,2025-08-26,0,0,✅
CCL,193314,2592,98.66,2015-02-02,2025-08-26,2015-02-02,2025-08-26,0,0,✅
CDSL,149513,2003,98.66,2017-06-30,2025-08-26,2017-06-30,2025-08-26,0,0,✅
CEATLTD,193561,2592,98.66,2015-02-02,2025-08-26,2015-02-02,2025-08-26,0,0,✅
CENTRALBK,193560,2592,98.66,2015-02-02,2025-08-26,2015-02-02,2025-08-26,0,0,✅
CENTURYPLY,193561,2592,98.66,2015-02-02,2025-08-26,2015-02-02,2025-08-26,0,0,✅
CERA,193318,2592,98.66,2015-02-02,2025-08-26,2015-02-02,2025-08-26,0,0,✅
CESC,193556,2592,98.66,2015-02-02,2025-08-26,2015-02-02,2025-08-26,0,0,✅
CGCL,190990,2592,98.64,2015-02-02,2025-08-26,2015-02-02,2025-08-26,0,0,✅
CGPOWER,185711,2487,98.66,2015-02-02,2025-07-03,2015-02-02,2025-07-03,0,0,✅
CHALET,118924,1608,98.65,2019-02-07,2025-08-26,2019-02-07,2025-08-26,0,0,✅
CHAMBLFERT,193563,2592,98.66,2015-02-02,2025-08-26,2015-02-02,2025-08-26,0,0,✅
CHENNPETRO,193558,2592,98.66,2015-02-02,2025-08-26,2015-02-02,2025-08-26,0,0,✅
CHOLAFIN,193544,2592,98.66,2015-02-02,2025-08-26,2015-02-02,2025-08-26,0,0,✅
CHOLAHLDNG,144668,1944,98.66,2017-09-25,2025-08-26,2017-09-25,2025-08-26,0,0,✅
CIPLA,193564,2592,98.66,2015-02-02,2025-08-26,2015-02-02,2025-08-26,0,0,✅
CLEAN,75309,1009,98.66,2021-07-19,2025-08-26,2021-07-19,2025-08-26,0,0,✅
COALINDIA,193563,2592,98.66,2015-02-02,2025-08-26,2015-02-02,2025-08-26,0,0,✅
COCHINSHIP,147301,1973,98.66,2017-08-11,2025-08-26,2017-08-11,2025-08-26,0,0,✅
COFORGE,193562,2592,98.66,2015-02-02,2025-08-26,2015-02-02,2025-08-26,0,0,✅
COHANCE,100377,1345,98.66,2020-03-09,2025-08-26,2020-03-09,2025-08-26,0,0,✅
COLPAL,193564,2592,98.66,2015-02-02,2025-08-26,2015-02-02,2025-08-26,0,0,✅
CONCOR,193563,2592,98.66,2015-02-02,2025-08-26,2015-02-02,2025-08-26,0,0,✅
CONCORDBIO,37112,498,98.66,2023-08-18,2025-08-26,2023-08-18,2025-08-26,0,0,✅
COROMANDEL,193557,2592,98.66,2015-02-02,2025-08-26,2015-02-02,2025-08-26,0,0,✅
CRAFTSMAN,81008,1085,98.66,2021-03-25,2025-08-26,2021-03-25,2025-08-26,0,0,✅
CREDITACC,128386,1720,98.66,2018-08-23,2025-08-26,2018-08-23,2025-08-26,0,0,✅
CRISIL,185086,2479,98.66,2015-04-13,2025-08-26,2015-04-13,2025-08-26,0,0,✅
CROMPTON,170301,2281,98.66,2016-05-13,2025-08-26,2016-05-13,2025-08-26,0,0,✅
CUB,193562,2592,98.66,2015-02-02,2025-08-26,2015-02-02,2025-08-26,0,0,✅
CUMMINSIND,193564,2592,98.66,2015-02-02,2025-08-26,2015-02-02,2025-08-26,0,0,✅
CYIENT,193556,2592,98.66,2015-02-02,2025-08-26,2015-02-02,2025-08-26,0,0,✅
DABUR,193562,2592,98.66,2015-02-02,2025-08-26,2015-02-02,2025-08-26,0,0,✅
DALBHARAT,120725,1620,98.66,2019-01-22,2025-08-26,2019-01-22,2025-08-26,0,0,✅
DATAPATTNS,67380,903,98.66,2021-12-24,2025-08-26,2021-12-24,2025-08-26,0,0,✅
DBREALTY,192712,2592,98.65,2015-02-02,2025-08-26,2015-02-02,2025-08-26,0,0,✅
DCMSHRIRAM,193537,2592,98.66,2015-02-02,2025-08-26,2015-02-02,2025-08-26,0,0,✅
DEEPAKFERT,193547,2592,98.66,2015-02-02,2025-08-26,2015-02-02,2025-08-26,0,0,✅
DEEPAKNTR,193439,2592,98.66,2015-02-02,2025-08-26,2015-02-02,2025-08-26,0,0,✅
DELHIVERY,64686,886,98.63,2015-06-11,2025-08-26,2015-06-11,2025-08-26,0,0,✅
DEVYANI,73882,990,98.66,2021-08-16,2025-08-26,2021-08-16,2025-08-26,0,0,✅
DIVISLAB,193563,2592,98.66,2015-02-02,2025-08-26,2015-02-02,2025-08-26,0,0,✅
DIXON,145345,1949,98.66,2017-09-18,2025-08-26,2017-09-18,2025-08-26,0,0,✅
DLF,193563,2592,98.66,2015-02-02,2025-08-26,2015-02-02,2025-08-26,0,0,✅
DMART,154612,2071,98.66,2017-03-21,2025-08-26,2017-03-21,2025-08-26,0,0,✅
DOMS,30950,415,98.66,2023-12-20,2025-08-26,2023-12-20,2025-08-26,0,0,✅
DRREDDY,193563,2592,98.66,2015-02-02,2025-08-26,2015-02-02,2025-08-26,0,0,✅
ECLERX,193447,2592,98.66,2015-02-02,2025-08-26,2015-02-02,2025-08-26,0,0,✅
EICHERMOT,193564,2592,98.66,2015-02-02,2025-08-26,2015-02-02,2025-08-26,0,0,✅
EIDPARRY,193544,2592,98.66,2015-02-02,2025-08-26,2015-02-02,2025-08-26,0,0,✅
EIHOTEL,193410,2592,98.66,2015-02-02,2025-08-26,2015-02-02,2025-08-26,0,0,✅
ELECON,192975,2592,98.66,2015-02-02,2025-08-26,2015-02-02,2025-08-26,0,0,✅
ELGIEQUIP,191847,2592,98.65,2015-02-02,2025-08-26,2015-02-02,2025-08-26,0,0,✅
EMAMILTD,193560,2592,98.66,2015-02-02,2025-08-26,2015-02-02,2025-08-26,0,0,✅
EMCURE,20858,279,98.66,2024-07-10,2025-08-26,2024-07-10,2025-08-26,0,0,✅
ENDURANCE,162324,2175,98.66,2016-10-19,2025-08-26,2016-10-19,2025-08-26,0,0,✅
ENGINERSIN,193560,2592,98.66,2015-02-02,2025-08-26,2015-02-02,2025-08-26,0,0,✅
ERIS,149338,2004,98.66,2017-06-29,2025-08-26,2017-06-29,2025-08-26,0,0,✅
ESCORTS,193563,2592,98.66,2015-02-02,2025-08-26,2015-02-02,2025-08-26,0,0,✅
ETERNAL,75083,1006,98.66,2021-07-23,2025-08-26,2021-07-23,2025-08-26,0,0,✅
EXIDEIND,193563,2592,98.66,2015-02-02,2025-08-26,2015-02-02,2025-08-26,0,0,✅
FACT,193194,2592,98.66,2015-02-02,2025-08-26,2015-02-02,2025-08-26,0,0,✅
FEDERALBNK,193564,2592,98.66,2015-02-02,2025-08-26,2015-02-02,2025-08-26,0,0,✅
FINCABLES,193558,2592,98.66,2015-02-02,2025-08-26,2015-02-02,2025-08-26,0,0,✅
FINPIPE,193505,2592,98.66,2015-02-02,2025-08-26,2015-02-02,2025-08-26,0,0,✅
FIRSTCRY,19128,256,98.66,2024-08-13,2025-08-26,2024-08-13,2025-08-26,0,0,✅
FIVESTAR,54123,725,98.66,2015-02-02,2025-08-26,2015-02-02,2025-08-26,0,0,✅
FLUOROCHEM,106986,1444,98.65,2019-10-16,2025-08-26,2019-10-16,2025-08-26,0,0,✅
FORTIS,193557,2592,98.66,2015-02-02,2025-08-26,2015-02-02,2025-08-26,0,0,✅
FSL,193562,2592,98.66,2015-02-02,2025-08-26,2015-02-02,2025-08-26,0,0,✅
GAIL,193564,2592,98.66,2015-02-02,2025-08-26,2015-02-02,2025-08-26,0,0,✅
GESHIP,193487,2592,98.66,2015-02-02,2025-08-26,2015-02-02,2025-08-26,0,0,✅
GICRE,146061,1962,98.66,2015-02-02,2025-08-26,2015-02-02,2025-08-26,0,0,✅
GILLETTE,193299,2592,98.66,2015-02-02,2025-08-26,2015-02-02,2025-08-26,0,0,✅
GLAND,87351,1170,98.66,2020-11-20,2025-08-26,2020-11-20,2025-08-26,0,0,✅
GLAXO,193535,2592,98.66,2015-02-02,2025-08-26,2015-02-02,2025-08-26,0,0,✅
GLENMARK,193563,2592,98.66,2015-02-02,2025-08-26,2015-02-02,2025-08-26,0,0,✅
GMDCLTD,193556,2592,98.66,2015-02-02,2025-08-26,2015-02-02,2025-08-26,0,0,✅
GMRAIRPORT,193559,2592,98.66,2015-02-02,2025-08-26,2015-02-02,2025-08-26,0,0,✅
GNFC,193555,2592,98.66,2015-02-02,2025-08-26,2015-02-02,2025-08-26,0,0,✅
GODFRYPHLP,193541,2592,98.66,2015-02-02,2025-08-26,2015-02-02,2025-08-26,0,0,✅
GODIGIT,23333,312,98.66,2024-05-23,2025-08-26,2024-05-23,2025-08-26,0,0,✅
GODREJAGRO,144148,1931,98.66,2017-10-16,2025-08-26,2017-10-16,2025-08-26,0,0,✅
GODREJCP,193564,2592,98.66,2015-02-02,2025-08-26,2015-02-02,2025-08-26,0,0,✅
GODREJIND,193559,2592,98.66,2015-02-02,2025-08-26,2015-02-02,2025-08-26,0,0,✅
GODREJPROP,193562,2592,98.66,2015-02-02,2025-08-26,2015-02-02,2025-08-26,0,0,✅
GPIL,192962,2592,98.66,2015-02-02,2025-08-26,2015-02-02,2025-08-26,0,0,✅
GPPL,193514,2592,98.66,2015-02-02,2025-08-26,2015-02-02,2025-08-26,0,0,✅
GRANULES,193562,2592,98.66,2015-02-02,2025-08-26,2015-02-02,2025-08-26,0,0,✅
GRAPHITE,193495,2592,98.66,2015-02-02,2025-08-26,2015-02-02,2025-08-26,0,0,✅
GRASIM,193558,2592,98.66,2015-02-02,2025-08-26,2015-02-02,2025-08-26,0,0,✅
GRAVITA,192424,2592,98.65,2015-02-02,2025-08-26,2015-02-02,2025-08-26,0,0,✅
GRSE,125715,1689,98.66,2018-10-10,2025-08-26,2018-10-10,2025-08-26,0,0,✅
GSPL,193562,2592,98.66,2015-02-02,2025-08-26,2015-02-02,2025-08-26,0,0,✅
GUJGASLTD,181916,2437,98.66,2015-09-15,2025-08-26,2015-09-15,2025-08-26,0,0,✅
GVT&D,193270,2592,98.66,2015-02-02,2025-08-26,2015-02-02,2025-08-26,0,0,✅
HAL,135848,1820,98.66,2018-03-28,2025-08-26,2018-03-28,2025-08-26,0,0,✅
HAPPSTMNDS,90589,1214,98.66,2020-09-17,2025-08-26,2020-09-17,2025-08-26,0,0,✅
HAVELLS,193563,2592,98.66,2015-02-02,2025-08-26,2015-02-02,2025-08-26,0,0,✅
HBLENGINE,193375,2592,98.66,2015-02-02,2025-08-26,2015-02-02,2025-08-26,0,0,✅
HCLTECH,193563,2592,98.66,2015-02-02,2025-08-26,2015-02-02,2025-08-26,0,0,✅
HDFCAMC,129216,1731,98.66,2018-08-06,2025-08-26,2018-08-06,2025-08-26,0,0,✅
HDFCBANK,193563,2592,98.66,2015-02-02,2025-08-26,2015-02-02,2025-08-26,0,0,✅
HDFCLIFE,144104,1930,98.66,2015-02-11,2025-08-26,2015-02-11,2025-08-26,0,0,✅
HEG,193448,2592,98.66,2015-02-02,2025-08-26,2015-02-02,2025-08-26,0,0,✅
HEROMOTOCO,193563,2592,98.66,2015-02-02,2025-08-26,2015-02-02,2025-08-26,0,0,✅
HFCL,193555,2592,98.66,2015-02-02,2025-08-26,2015-02-02,2025-08-26,0,0,✅
HINDALCO,193564,2592,98.66,2015-02-02,2025-08-26,2015-02-02,2025-08-26,0,0,✅
HINDCOPPER,193563,2592,98.66,2015-02-02,2025-08-26,2015-02-02,2025-08-26,0,0,✅
HINDPETRO,193563,2592,98.66,2015-02-02,2025-08-26,2015-02-02,2025-08-26,0,0,✅
HINDUNILVR,193563,2592,98.66,2015-02-02,2025-08-26,2015-02-02,2025-08-26,0,0,✅
HINDZINC,193561,2592,98.66,2015-02-02,2025-08-26,2015-02-02,2025-08-26,0,0,✅
HOMEFIRST,90225,1209,98.66,2018-03-21,2025-08-26,2018-03-21,2025-08-26,0,0,✅
HONASA,33137,445,98.66,2023-11-07,2025-08-26,2023-11-07,2025-08-26,0,0,✅
HONAUT,192298,2592,98.65,2015-02-02,2025-08-26,2015-02-02,2025-08-26,0,0,✅
HSCL,193314,2592,98.66,2015-02-02,2025-08-26,2015-02-02,2025-08-26,0,0,✅
HUDCO,151611,2031,98.66,2017-05-19,2025-08-26,2017-05-19,2025-08-26,0,0,✅
HYUNDAI,15608,209,98.66,2024-10-22,2025-08-26,2024-10-22,2025-08-26,0,0,✅
ICICIBANK,193563,2592,98.66,2015-02-02,2025-08-26,2015-02-02,2025-08-26,0,0,✅
ICICIGI,144978,1942,98.66,2017-09-27,2025-08-26,2017-09-27,2025-08-26,0,0,✅
ICICIPRULI,163251,2187,98.66,2016-09-29,2025-08-26,2016-09-29,2025-08-26,0,0,✅
IDBI,193560,2592,98.66,2015-02-02,2025-08-26,2015-02-02,2025-08-26,0,0,✅
IDEA,193564,2592,98.66,2015-02-02,2025-08-26,2015-02-02,2025-08-26,0,0,✅
IDFCFIRSTB,179463,2404,98.66,2015-11-06,2025-08-26,2015-11-06,2025-08-26,0,0,✅
IEX,143802,1927,98.66,2017-10-23,2025-08-26,2017-10-23,2025-08-26,0,0,✅
IFCI,193561,2592,98.66,2015-02-02,2025-08-26,2015-02-02,2025-08-26,0,0,✅
IGIL,12596,168,98.67,2024-12-20,2025-08-26,2024-12-20,2025-08-26,0,0,✅
IGL,193562,2592,98.66,2015-02-02,2025-08-26,2015-02-02,2025-08-26,0,0,✅
IIFL,193493,2592,98.66,2015-02-02,2025-08-26,2015-02-02,2025-08-26,0,0,✅
IKS,12671,169,98.67,2024-12-19,2025-08-26,2024-12-19,2025-08-26,0,0,✅
INDGN,23879,320,98.66,2024-05-13,2025-08-26,2024-05-13,2025-08-26,0,0,✅
INDHOTEL,193564,2592,98.66,2015-02-02,2025-08-26,2015-02-02,2025-08-26,0,0,✅
INDIACEM,193563,2592,98.66,2015-02-02,2025-08-26,2015-02-02,2025-08-26,0,0,✅
INDIAMART,122345,1641,98.66,2015-10-07,2025-08-26,2015-10-07,2025-08-26,0,0,✅
INDIANB,193560,2592,98.66,2015-02-02,2025-08-26,2015-02-02,2025-08-26,0,0,✅
INDIGO,179313,2402,98.66,2015-11-10,2025-08-26,2015-11-10,2025-08-26,0,0,✅
INDUSINDBK,193564,2592,98.66,2015-02-02,2025-08-26,2015-02-02,2025-08-26,0,0,✅
INDUSTOWER,193563,2592,98.66,2015-02-02,2025-08-26,2015-02-02,2025-08-26,0,0,✅
INFY,193564,2592,98.66,2015-02-02,2025-08-26,2015-02-02,2025-08-26,0,0,✅
INOXINDIA,30875,414,98.66,2023-12-21,2025-08-26,2023-12-21,2025-08-26,0,0,✅
INOXWIND,190029,2548,98.66,2015-04-08,2025-08-26,2015-04-08,2025-08-26,0,0,✅
INTELLECT,193509,2592,98.66,2015-02-02,2025-08-26,2015-02-02,2025-08-26,0,0,✅
IOB,193559,2592,98.66,2015-02-02,2025-08-26,2015-02-02,2025-08-26,0,0,✅
IOC,193562,2592,98.66,2015-02-02,2025-08-26,2015-02-02,2025-08-26,0,0,✅
IPCALAB,193563,2592,98.66,2015-02-02,2025-08-26,2015-02-02,2025-08-26,0,0,✅
IRB,193560,2592,98.66,2015-02-02,2025-08-26,2015-02-02,2025-08-26,0,0,✅
IRCON,126572,1696,98.66,2018-09-28,2025-08-26,2018-09-28,2025-08-26,0,0,✅
IRCTC,146409,2017,98.62,2015-02-02,2025-08-26,2015-02-02,2025-08-26,0,0,✅
IREDA,32075,430,98.66,2023-11-29,2025-08-26,2023-11-29,2025-08-26,0,0,✅
IRFC,86446,1275,98.53,2018-03-23,2025-08-26,2018-03-23,2025-08-26,0,0,✅
ITC,193560,2592,98.66,2015-02-02,2025-08-26,2015-02-02,2025-08-26,0,0,✅
ITI,193557,2592,98.66,2015-02-02,2025-08-26,2015-02-02,2025-08-26,0,0,✅
J&KBANK,193561,2592,98.66,2015-02-02,2025-08-26,2015-02-02,2025-08-26,0,0,✅
JBCHEPHARM,193423,2592,98.66,2015-02-02,2025-08-26,2015-02-02,2025-08-26,0,0,✅
JBMA,192846,2592,98.66,2015-02-02,2025-08-26,2015-02-02,2025-08-26,0,0,✅
JINDALSAW,193555,2592,98.66,2015-02-02,2025-08-26,2015-02-02,2025-08-26,0,0,✅
JINDALSTEL,193563,2592,98.66,2015-02-02,2025-08-26,2015-02-02,2025-08-26,0,0,✅
JIOFIN,37037,497,98.66,2023-08-21,2025-08-26,2023-08-21,2025-08-26,0,0,✅
JKCEMENT,193501,2592,98.66,2015-02-02,2025-08-26,2015-02-02,2025-08-26,0,0,✅
JKTYRE,193561,2592,98.66,2015-02-02,2025-08-26,2015-02-02,2025-08-26,0,0,✅
JMFINANCIL,193558,2592,98.66,2015-02-02,2025-08-26,2015-02-02,2025-08-26,0,0,✅
JPPOWER,193505,2592,98.66,2015-02-02,2025-08-26,2015-02-02,2025-08-26,0,0,✅
JSL,193526,2592,98.66,2015-02-02,2025-08-26,2015-02-02,2025-08-26,0,0,✅
JSWENERGY,193560,2592,98.66,2015-02-02,2025-08-26,2015-02-02,2025-08-26,0,0,✅
JSWHL,188309,2592,98.62,2015-02-02,2025-08-26,2015-02-02,2025-08-26,0,0,✅
JSWINFRA,34862,468,98.66,2023-10-03,2025-08-26,2023-10-03,2025-08-26,0,0,✅
JSWSTEEL,193563,2592,98.66,2015-02-02,2025-08-26,2015-02-02,2025-08-26,0,0,✅
JUBLFOOD,193563,2592,98.66,2015-02-02,2025-08-26,2015-02-02,2025-08-26,0,0,✅
JUBLINGREA,81307,1089,98.66,2021-03-19,2025-08-26,2021-03-19,2025-08-26,0,0,✅
JUBLPHARMA,193558,2592,98.66,2015-02-02,2025-08-26,2015-02-02,2025-08-26,0,0,✅
JUSTDIAL,193560,2592,98.66,2015-02-02,2025-08-26,2015-02-02,2025-08-26,0,0,✅
JWL,185425,2592,98.6,2015-02-02,2025-08-26,2015-02-02,2025-08-26,0,0,✅
JYOTHYLAB,193557,2592,98.66,2015-02-02,2025-08-26,2015-02-02,2025-08-26,0,0,✅
JYOTICNC,29600,397,98.66,2024-01-16,2025-08-26,2024-01-16,2025-08-26,0,0,✅
KAJARIACER,193560,2592,98.66,2015-02-02,2025-08-26,2015-02-02,2025-08-26,0,0,✅
KALYANKJIL,80934,1084,98.66,2021-03-26,2025-08-26,2021-03-26,2025-08-26,0,0,✅
KANSAINER,193555,2592,98.66,2015-02-02,2025-08-26,2015-02-02,2025-08-26,0,0,✅
KARURVYSYA,193561,2592,98.66,2015-02-02,2025-08-26,2015-02-02,2025-08-26,0,0,✅
KAYNES,50762,680,98.66,2022-11-22,2025-08-26,2022-11-22,2025-08-26,0,0,✅
KEC,193561,2592,98.66,2015-02-02,2025-08-26,2015-02-02,2025-08-26,0,0,✅
KEI,193561,2592,98.66,2015-02-02,2025-08-26,2015-02-02,2025-08-26,0,0,✅
KFINTECH,48827,663,98.64,2018-05-28,2025-08-26,2018-05-28,2025-08-26,0,0,✅
KIMS,76434,1024,98.66,2021-06-28,2025-08-26,2021-06-28,2025-08-26,0,0,✅
KIRLOSBROS,192290,2592,98.65,2015-02-02,2025-08-26,2015-02-02,2025-08-26,0,0,✅
KIRLOSENG,191995,2592,98.65,2015-02-02,2025-08-26,2015-02-02,2025-08-26,0,0,✅
KNRCON,193436,2592,98.66,2015-02-02,2025-08-26,2015-02-02,2025-08-26,0,0,✅
KOTAKBANK,193562,2592,98.66,2015-02-02,2025-08-26,2015-02-02,2025-08-26,0,0,✅
KPIL,193536,2592,98.66,2015-02-02,2025-08-26,2015-02-02,2025-08-26,0,0,✅
KPITTECH,116433,1560,98.66,2019-04-22,2025-08-26,2019-04-22,2025-08-26,0,0,✅
KPRMILL,192551,2592,98.65,2015-02-02,2025-08-26,2015-02-02,2025-08-26,0,0,✅
LALPATHLAB,177194,2373,98.66,2015-12-23,2025-08-26,2015-12-23,2025-08-26,0,0,✅
LATENTVIEW,69375,969,98.6,2018-12-26,2025-08-26,2018-12-26,2025-08-26,0,0,✅
LAURUSLABS,159171,2134,98.66,2016-12-19,2025-08-26,2016-12-19,2025-08-26,0,0,✅
LEMONTREE,135439,1814,98.66,2018-04-09,2025-08-26,2018-04-09,2025-08-26,0,0,✅
LICHSGFIN,193563,2592,98.66,2015-02-02,2025-08-26,2015-02-02,2025-08-26,0,0,✅
LICI,60298,808,98.66,2022-05-17,2025-08-26,2022-05-17,2025-08-26,0,0,✅
LINDEINDIA,192525,2592,98.65,2015-02-02,2025-08-26,2015-02-02,2025-08-26,0,0,✅
LLOYDSME,38766,520,98.66,2023-07-17,2025-08-26,2023-07-17,2025-08-26,0,0,✅
LODHA,79959,1071,98.66,2021-04-19,2025-08-26,2021-04-19,2025-08-26,0,0,✅
LT,193562,2592,98.66,2015-02-02,2025-08-26,2015-02-02,2025-08-26,0,0,✅
LTF,193562,2592,98.66,2015-02-02,2025-08-26,2015-02-02,2025-08-26,0,0,✅
LTFOODS,193378,2592,98.66,2015-02-02,2025-08-26,2015-02-02,2025-08-26,0,0,✅
LTIM,166776,2234,98.66,2016-07-21,2025-08-26,2016-07-21,2025-08-26,0,0,✅
LTTS,163547,2191,98.66,2016-09-23,2025-08-26,2016-09-23,2025-08-26,0,0,✅
LUPIN,193562,2592,98.66,2015-02-02,2025-08-26,2015-02-02,2025-08-26,0,0,✅
M&M,193563,2592,98.66,2015-02-02,2025-08-26,2015-02-02,2025-08-26,0,0,✅
M&MFIN,193561,2592,98.66,2015-02-02,2025-08-26,2015-02-02,2025-08-26,0,0,✅
MAHABANK,193550,2592,98.66,2015-02-02,2025-08-26,2015-02-02,2025-08-26,0,0,✅
MAHSEAMLES,193335,2592,98.66,2015-02-02,2025-08-26,2015-02-02,2025-08-26,0,0,✅
MANAPPURAM,193561,2592,98.66,2015-02-02,2025-08-26,2015-02-02,2025-08-26,0,0,✅
MANKIND,42362,568,98.66,2023-05-09,2025-08-26,2023-05-09,2025-08-26,0,0,✅
MANYAVAR,64647,866,98.66,2022-02-16,2025-08-26,2022-02-16,2025-08-26,0,0,✅
MAPMYINDIA,67647,906,98.66,2021-12-21,2025-08-26,2021-12-21,2025-08-26,0,0,✅
MARICO,188388,2523,98.66,2015-02-02,2025-08-26,2015-02-02,2025-08-26,0,0,✅
MARUTI,193563,2592,98.66,2015-02-02,2025-08-26,2015-02-02,2025-08-26,0,0,✅
MASTEK,193501,2592,98.66,2015-02-02,2025-08-26,2015-02-02,2025-08-26,0,0,✅
MAXHEALTH,92015,1233,98.66,2020-08-21,2025-08-26,2020-08-21,2025-08-26,0,0,✅
MAZDOCK,89732,1206,98.66,2017-12-04,2025-08-26,2017-12-04,2025-08-26,0,0,✅
MCX,193562,2592,98.66,2015-02-02,2025-08-26,2015-02-02,2025-08-26,0,0,✅
MEDANTA,51062,684,98.66,2022-11-16,2025-08-26,2022-11-16,2025-08-26,0,0,✅
METROPOLIS,116637,1563,98.66,2019-04-15,2025-08-26,2019-04-15,2025-08-26,0,0,✅
MFSL,193552,2592,98.66,2015-02-02,2025-08-26,2015-02-02,2025-08-26,0,0,✅
MGL,167751,2247,98.66,2016-07-01,2025-08-26,2016-07-01,2025-08-26,0,0,✅
MINDACORP,193348,2592,98.66,2015-02-02,2025-08-26,2015-02-02,2025-08-26,0,0,✅
MMTC,193560,2592,98.66,2015-02-02,2025-08-26,2015-02-02,2025-08-26,0,0,✅
MOTHERSON,193557,2592,98.66,2015-02-02,2025-08-26,2015-02-02,2025-08-26,0,0,✅
MOTILALOFS,193386,2592,98.66,2015-02-02,2025-08-26,2015-02-02,2025-08-26,0,0,✅
MPHASIS,193561,2592,98.66,2015-02-02,2025-08-26,2015-02-02,2025-08-26,0,0,✅
MRF,193562,2592,98.66,2015-02-02,2025-08-26,2015-02-02,2025-08-26,0,0,✅
MRPL,193561,2592,98.66,2015-02-02,2025-08-26,2015-02-02,2025-08-26,0,0,✅
MSUMI,62774,841,98.66,2022-03-28,2025-08-26,2022-03-28,2025-08-26,0,0,✅
MUTHOOTFIN,193558,2592,98.66,2015-02-02,2025-08-26,2015-02-02,2025-08-26,0,0,✅
NAM-INDIA,143163,1917,98.66,2017-11-06,2025-08-26,2017-11-06,2025-08-26,0,0,✅
NATCOPHARM,193558,2592,98.66,2015-02-02,2025-08-26,2015-02-02,2025-08-26,0,0,✅
NATIONALUM,193563,2592,98.66,2015-02-02,2025-08-26,2015-02-02,2025-08-26,0,0,✅
NAUKRI,193552,2592,98.66,2015-02-02,2025-08-26,2015-02-02,2025-08-26,0,0,✅
NAVA,193286,2592,98.66,2015-02-02,2025-08-26,2015-02-02,2025-08-26,0,0,✅
NAVINFLUOR,193504,2592,98.66,2015-02-02,2025-08-26,2015-02-02,2025-08-26,0,0,✅
NBCC,193563,2592,98.66,2015-02-02,2025-08-26,2015-02-02,2025-08-26,0,0,✅
NCC,193562,2592,98.66,2015-02-02,2025-08-26,2015-02-02,2025-08-26,0,0,✅
NESTLEIND,193561,2592,98.66,2015-02-02,2025-08-26,2015-02-02,2025-08-26,0,0,✅
NETWEB,38162,512,98.66,2023-07-27,2025-08-26,2023-07-27,2025-08-26,0,0,✅
NETWORK18,193435,2592,98.66,2015-02-02,2025-08-26,2015-02-02,2025-08-26,0,0,✅
NEULANDLAB,192702,2592,98.65,2015-02-02,2025-08-26,2015-02-02,2025-08-26,0,0,✅
NEWGEN,138227,1860,98.65,2018-01-29,2025-08-26,2018-01-29,2025-08-26,0,0,✅
NH,176278,2365,98.66,2016-01-06,2025-08-26,2016-01-06,2025-08-26,0,0,✅
NHPC,193560,2592,98.66,2015-02-02,2025-08-26,2015-02-02,2025-08-26,0,0,✅
NIACL,142780,1912,98.66,2017-11-13,2025-08-26,2017-11-13,2025-08-26,0,0,✅
NIVABUPA,14397,192,98.67,2024-11-14,2025-08-26,2024-11-14,2025-08-26,0,0,✅
NLCINDIA,193560,2592,98.66,2015-02-02,2025-08-26,2015-02-02,2025-08-26,0,0,✅
NMDC,193557,2592,98.66,2015-02-02,2025-08-26,2015-02-02,2025-08-26,0,0,✅
NSLNISP,46037,617,98.66,2023-02-20,2025-08-26,2023-02-20,2025-08-26,0,0,✅
NTPC,193563,2592,98.66,2015-02-02,2025-08-26,2015-02-02,2025-08-26,0,0,✅
NTPCGREEN,13872,185,98.67,2024-11-27,2025-08-26,2024-11-27,2025-08-26,0,0,✅
NUVAMA,35162,472,98.66,2023-09-26,2025-08-26,2023-09-26,2025-08-26,0,0,✅
NYKAA,69672,933,98.66,2021-11-10,2025-08-26,2021-11-10,2025-08-26,0,0,✅
OBEROIRLTY,193561,2592,98.66,2015-02-02,2025-08-26,2015-02-02,2025-08-26,0,0,✅
OFSS,193562,2592,98.66,2015-02-02,2025-08-26,2015-02-02,2025-08-26,0,0,✅
OIL,193562,2592,98.66,2015-02-02,2025-08-26,2015-02-02,2025-08-26,0,0,✅
OLAELEC,19278,258,98.66,2024-08-09,2025-08-26,2024-08-09,2025-08-26,0,0,✅
OLECTRA,190930,2591,98.64,2015-02-02,2025-08-26,2015-02-02,2025-08-26,0,0,✅
ONGC,193563,2592,98.66,2015-02-02,2025-08-26,2015-02-02,2025-08-26,0,0,✅
PAGEIND,193559,2592,98.66,2015-02-02,2025-08-26,2015-02-02,2025-08-26,0,0,✅
PATANJALI,102636,1375,98.66,2020-01-27,2025-08-26,2020-01-27,2025-08-26,0,0,✅
PAYTM,69221,927,98.66,2021-11-18,2025-08-26,2021-11-18,2025-08-26,0,0,✅
PCBL,193558,2592,98.66,2015-02-02,2025-08-26,2015-02-02,2025-08-26,0,0,✅
PEL,193556,2592,98.66,2015-02-02,2025-08-26,2015-02-02,2025-08-26,0,0,✅
PERSISTENT,193558,2592,98.66,2015-02-02,2025-08-26,2015-02-02,2025-08-26,0,0,✅
PETRONET,193561,2592,98.66,2015-02-02,2025-08-26,2015-02-02,2025-08-26,0,0,✅
PFC,193563,2592,98.66,2015-02-02,2025-08-26,2015-02-02,2025-08-26,0,0,✅
PFIZER,193528,2592,98.66,2015-02-02,2025-08-26,2015-02-02,2025-08-26,0,0,✅
PGEL,190643,2592,98.64,2015-02-02,2025-08-26,2015-02-02,2025-08-26,0,0,✅
PHOENIXLTD,193067,2592,98.66,2015-02-02,2025-08-26,2015-02-02,2025-08-26,0,0,✅
PIDILITIND,193563,2592,98.66,2015-02-02,2025-08-26,2015-02-02,2025-08-26,0,0,✅
PIIND,193562,2592,98.66,2015-02-02,2025-08-26,2015-02-02,2025-08-26,0,0,✅
PNB,193563,2592,98.66,2015-02-02,2025-08-26,2015-02-02,2025-08-26,0,0,✅
PNBHOUSING,161438,2162,98.66,2016-11-07,2025-08-26,2016-11-07,2025-08-26,0,0,✅
PNCINFRA,187670,2516,98.66,2015-05-26,2025-08-26,2015-05-26,2025-08-26,0,0,✅
POLICYBZR,69447,930,98.66,2021-11-15,2025-08-26,2021-11-15,2025-08-26,0,0,✅
POLYCAB,116605,1562,98.66,2019-04-16,2025-08-26,2019-04-16,2025-08-26,0,0,✅
POLYMED,189453,2592,98.63,2015-02-02,2025-08-26,2015-02-02,2025-08-26,0,0,✅
POONAWALLA,193350,2592,98.66,2015-02-02,2025-08-26,2015-02-02,2025-08-26,0,0,✅
POWERGRID,193563,2592,98.66,2015-02-02,2025-08-26,2015-02-02,2025-08-26,0,0,✅
POWERINDIA,99240,1331,98.66,2020-03-30,2025-08-26,2020-03-30,2025-08-26,0,0,✅
PPLPHARMA,52349,702,98.66,2022-10-19,2025-08-26,2022-10-19,2025-08-26,0,0,✅
PRAJIND,193561,2592,98.66,2015-02-02,2025-08-26,2015-02-02,2025-08-26,0,0,✅
PREMIERENE,18083,242,98.66,2024-09-03,2025-08-26,2024-09-03,2025-08-26,0,0,✅
PRESTIGE,193558,2592,98.66,2015-02-02,2025-08-26,2015-02-02,2025-08-26,0,0,✅
PTCIL,80259,1078,98.66,2015-02-02,2025-08-26,2015-02-02,2025-08-26,0,0,✅
PVRINOX,193563,2592,98.66,2015-02-02,2025-08-26,2015-02-02,2025-08-26,0,0,✅
RADICO,193559,2592,98.66,2015-02-02,2025-08-26,2015-02-02,2025-08-26,0,0,✅
RAILTEL,82358,1103,98.66,2021-02-26,2025-08-26,2021-02-26,2025-08-26,0,0,✅
RAINBOW,61207,850,98.61,2019-04-01,2025-08-26,2019-04-01,2025-08-26,0,0,✅
RAMCOCEM,193546,2592,98.66,2015-02-02,2025-08-26,2015-02-02,2025-08-26,0,0,✅
RAYMOND,193548,2592,98.66,2015-02-02,2025-08-26,2015-02-02,2025-08-26,0,0,✅
RAYMONDLSL,18008,241,98.66,2024-09-05,2025-08-26,2024-09-05,2025-08-26,0,0,✅
RBLBANK,164677,2206,98.66,2016-08-31,2025-08-26,2016-08-31,2025-08-26,0,0,✅
RCF,193560,2592,98.66,2015-02-02,2025-08-26,2015-02-02,2025-08-26,0,0,✅
RECLTD,193562,2592,98.66,2015-02-02,2025-08-26,2015-02-02,2025-08-26,0,0,✅
REDINGTON,193539,2592,98.66,2015-02-02,2025-08-26,2015-02-02,2025-08-26,0,0,✅
RELIANCE,193554,2592,98.66,2015-02-02,2025-08-26,2015-02-02,2025-08-26,0,0,✅
RENUKA,193559,2592,98.66,2015-02-02,2025-08-26,2015-02-02,2025-08-26,0,0,✅
RHIM,191795,2592,98.65,2015-02-02,2025-08-26,2015-02-02,2025-08-26,0,0,✅
RITES,131089,1756,98.66,2018-07-02,2025-08-26,2018-07-02,2025-08-26,0,0,✅
RKFORGE,191875,2592,98.65,2015-02-02,2025-08-26,2015-02-02,2025-08-26,0,0,✅
ROUTE,138585,2116,98.47,2015-02-02,2025-08-26,2015-02-02,2025-08-26,0,0,✅
RRKABEL,35462,476,98.66,2023-09-20,2025-08-26,2023-09-20,2025-08-26,0,0,✅
RTNINDIA,186352,2567,98.62,2015-02-02,2025-08-26,2015-02-02,2025-08-26,0,0,✅
RVNL,116866,1566,98.66,2015-08-12,2025-08-26,2015-08-12,2025-08-26,0,0,✅
SAGILITY,14546,194,98.67,2024-11-12,2025-08-26,2024-11-12,2025-08-26,0,0,✅
SAIL,193562,2592,98.66,2015-02-02,2025-08-26,2015-02-02,2025-08-26,0,0,✅
SAILIFE,12747,170,98.67,2024-12-18,2025-08-26,2024-12-18,2025-08-26,0,0,✅
SAMMAANCAP,193564,2592,98.66,2015-02-02,2025-08-26,2015-02-02,2025-08-26,0,0,✅
SAPPHIRE,69220,927,98.66,2021-11-18,2025-08-26,2021-11-18,2025-08-26,0,0,✅
SARDAEN,193021,2592,98.66,2015-02-02,2025-08-26,2015-02-02,2025-08-26,0,0,✅
SAREGAMA,192117,2592,98.65,2015-02-02,2025-08-26,2015-02-02,2025-08-26,0,0,✅
SBFC,37262,500,98.66,2023-08-16,2025-08-26,2023-08-16,2025-08-26,0,0,✅
SBICARD,100107,1341,98.66,2020-03-16,2025-08-26,2020-03-16,2025-08-26,0,0,✅
SBILIFE,146154,1958,98.66,2015-02-02,2025-08-26,2015-02-02,2025-08-26,0,0,✅
SBIN,193562,2592,98.66,2015-02-02,2025-08-26,2015-02-02,2025-08-26,0,0,✅
SCHAEFFLER,192481,2592,98.65,2015-02-02,2025-08-26,2015-02-02,2025-08-26,0,0,✅
SCI,193554,2592,98.66,2015-02-02,2025-08-26,2015-02-02,2025-08-26,0,0,✅
SHREECEM,193559,2592,98.66,2015-02-02,2025-08-26,2015-02-02,2025-08-26,0,0,✅
SHRIRAMFIN,193562,2592,98.66,2015-02-02,2025-08-26,2015-02-02,2025-08-26,0,0,✅
SHYAMMETL,76583,1026,98.66,2021-06-24,2025-08-26,2021-06-24,2025-08-26,0,0,✅
SIEMENS,193559,2592,98.66,2015-02-02,2025-08-26,2015-02-02,2025-08-26,0,0,✅
SIGNATURE,35087,471,98.66,2023-09-27,2025-08-26,2023-09-27,2025-08-26,0,0,✅
SJVN,193556,2592,98.66,2015-02-02,2025-08-26,2015-02-02,2025-08-26,0,0,✅
SKFINDIA,192797,2592,98.66,2015-02-02,2025-08-26,2015-02-02,2025-08-26,0,0,✅
SOBHA,193559,2592,98.66,2015-02-02,2025-08-26,2015-02-02,2025-08-26,0,0,✅
SOLARINDS,192549,2592,98.65,2015-02-02,2025-08-26,2015-02-02,2025-08-26,0,0,✅
SONACOMS,76808,1029,98.66,2015-05-11,2025-08-26,2015-05-11,2025-08-26,0,0,✅
SONATSOFTW,193559,2592,98.66,2015-02-02,2025-08-26,2015-02-02,2025-08-26,0,0,✅
SRF,193561,2592,98.66,2015-02-02,2025-08-26,2015-02-02,2025-08-26,0,0,✅
STARHEALTH,82213,1207,98.53,2015-03-13,2025-08-26,2015-03-13,2025-08-26,0,0,✅
SUMICHEM,102643,1375,98.66,2020-01-27,2025-08-26,2020-01-27,2025-08-26,0,0,✅
SUNDARMFIN,193224,2592,98.66,2015-02-02,2025-08-26,2015-02-02,2025-08-26,0,0,✅
SUNDRMFAST,193538,2592,98.66,2015-02-02,2025-08-26,2015-02-02,2025-08-26,0,0,✅
SUNPHARMA,193562,2592,98.66,2015-02-02,2025-08-26,2015-02-02,2025-08-26,0,0,✅
SUNTV,193562,2592,98.66,2015-02-02,2025-08-26,2015-02-02,2025-08-26,0,0,✅
SUPREMEIND,193533,2592,98.66,2015-02-02,2025-08-26,2015-02-02,2025-08-26,0,0,✅
SUZLON,193561,2592,98.66,2015-02-02,2025-08-26,2015-02-02,2025-08-26,0,0,✅
SWANENERGY,191603,2592,98.65,2015-02-02,2025-08-26,2015-02-02,2025-08-26,0,0,✅
SWIGGY,14472,193,98.67,2024-11-13,2025-08-26,2024-11-13,2025-08-26,0,0,✅
SWSOLAR,110449,1480,98.66,2019-08-20,2025-08-26,2019-08-20,2025-08-26,0,0,✅
SYNGENE,183802,2462,98.66,2015-08-11,2025-08-26,2015-08-11,2025-08-26,0,0,✅
SYRMA,54974,737,98.66,2022-08-26,2025-08-26,2022-08-26,2025-08-26,0,0,✅
TANLA,193165,2592,98.66,2015-02-02,2025-08-26,2015-02-02,2025-08-26,0,0,✅
TARIL,190753,2592,98.64,2015-02-02,2025-08-26,2015-02-02,2025-08-26,0,0,✅
TATACHEM,193558,2592,98.66,2015-02-02,2025-08-26,2015-02-02,2025-08-26,0,0,✅
TATACOMM,193541,2592,98.66,2015-02-02,2025-08-26,2015-02-02,2025-08-26,0,0,✅
TATACONSUM,193562,2592,98.66,2015-02-02,2025-08-26,2015-02-02,2025-08-26,0,0,✅
TATAELXSI,193561,2592,98.66,2015-02-02,2025-08-26,2015-02-02,2025-08-26,0,0,✅
TATAINVEST,193318,2592,98.66,2015-02-02,2025-08-26,2015-02-02,2025-08-26,0,0,✅
TATAMOTORS,193562,2592,98.66,2015-02-02,2025-08-26,2015-02-02,2025-08-26,0,0,✅
TATAPOWER,193563,2592,98.66,2015-02-02,2025-08-26,2015-02-02,2025-08-26,0,0,✅
TATASTEEL,193562,2592,98.66,2015-02-02,2025-08-26,2015-02-02,2025-08-26,0,0,✅
TATATECH,31995,429,98.66,2023-11-30,2025-08-26,2023-11-30,2025-08-26,0,0,✅
TBOTEK,23729,318,98.66,2024-05-15,2025-08-26,2024-05-15,2025-08-26,0,0,✅
TCS,193563,2592,98.66,2015-02-02,2025-08-26,2015-02-02,2025-08-26,0,0,✅
TECHM,193561,2592,98.66,2015-02-02,2025-08-26,2015-02-02,2025-08-26,0,0,✅
TECHNOE,121156,1654,98.63,2018-12-04,2025-08-26,2018-12-04,2025-08-26,0,0,✅
TEJASNET,149601,2005,98.66,2017-06-28,2025-08-26,2017-06-28,2025-08-26,0,0,✅
THERMAX,193526,2592,98.66,2015-02-02,2025-08-26,2015-02-02,2025-08-26,0,0,✅
TIINDIA,143200,1919,98.66,2017-11-02,2025-08-26,2017-11-02,2025-08-26,0,0,✅
TIMKEN,193318,2592,98.66,2015-02-02,2025-08-26,2015-02-02,2025-08-26,0,0,✅
TITAGARH,193552,2592,98.66,2015-02-02,2025-08-26,2015-02-02,2025-08-26,0,0,✅
TITAN,193562,2592,98.66,2015-02-02,2025-08-26,2015-02-02,2025-08-26,0,0,✅
TORNTPHARM,193563,2592,98.66,2015-02-02,2025-08-26,2015-02-02,2025-08-26,0,0,✅
TORNTPOWER,193561,2592,98.66,2015-02-02,2025-08-26,2015-02-02,2025-08-26,0,0,✅
TRENT,193480,2592,98.66,2015-02-02,2025-08-26,2015-02-02,2025-08-26,0,0,✅
TRIDENT,193558,2592,98.66,2015-02-02,2025-08-26,2015-02-02,2025-08-26,0,0,✅
TRITURBINE,192774,2592,98.66,2015-02-02,2025-08-26,2015-02-02,2025-08-26,0,0,✅
TRIVENI,193533,2592,98.66,2015-02-02,2025-08-26,2015-02-02,2025-08-26,0,0,✅
TVSMOTOR,193561,2592,98.66,2015-02-02,2025-08-26,2015-02-02,2025-08-26,0,0,✅
UBL,193563,2592,98.66,2015-02-02,2025-08-26,2015-02-02,2025-08-26,0,0,✅
UCOBANK,193560,2592,98.66,2015-02-02,2025-08-26,2015-02-02,2025-08-26,0,0,✅
ULTRACEMCO,193563,2592,98.66,2015-02-02,2025-08-26,2015-02-02,2025-08-26,0,0,✅
UNIONBANK,193560,2592,98.66,2015-02-02,2025-08-26,2015-02-02,2025-08-26,0,0,✅
UNITDSPR,193561,2592,98.66,2015-02-02,2025-08-26,2015-02-02,2025-08-26,0,0,✅
UNOMINDA,193482,2592,98.66,2015-02-02,2025-08-26,2015-02-02,2025-08-26,0,0,✅
UPL,193562,2592,98.66,2015-02-02,2025-08-26,2015-02-02,2025-08-26,0,0,✅
USHAMART,193365,2592,98.66,2015-02-02,2025-08-26,2015-02-02,2025-08-26,0,0,✅
UTIAMC,89390,1198,98.66,2020-10-12,2025-08-26,2020-10-12,2025-08-26,0,0,✅
VBL,161341,2161,98.66,2016-11-08,2025-08-26,2016-11-08,2025-08-26,0,0,✅
VEDL,193561,2592,98.66,2015-02-02,2025-08-26,2015-02-02,2025-08-26,0,0,✅
VGUARD,193513,2592,98.66,2015-02-02,2025-08-26,2015-02-02,2025-08-26,0,0,✅
VIJAYA,72532,972,98.66,2021-09-14,2025-08-26,2021-09-14,2025-08-26,0,0,✅
VMM,12747,170,98.67,2024-12-18,2025-08-26,2024-12-18,2025-08-26,0,0,✅
VOLTAS,193562,2592,98.66,2015-02-02,2025-08-26,2015-02-02,2025-08-26,0,0,✅
VTL,193120,2592,98.66,2015-02-02,2025-08-26,2015-02-02,2025-08-26,0,0,✅
WAAREEENER,15309,205,98.66,2024-10-28,2025-08-26,2024-10-28,2025-08-26,0,0,✅
WELCORP,193560,2592,98.66,2015-02-02,2025-08-26,2015-02-02,2025-08-26,0,0,✅
WELSPUNLIV,193560,2592,98.66,2015-02-02,2025-08-26,2015-02-02,2025-08-26,0,0,✅
WESTLIFE,110350,1481,98.66,2019-08-19,2025-08-26,2019-08-19,2025-08-26,0,0,✅
WHIRLPOOL,193547,2592,98.66,2015-02-02,2025-08-26,2015-02-02,2025-08-26,0,0,✅
WIPRO,193563,2592,98.66,2015-02-02,2025-08-26,2015-02-02,2025-08-26,0,0,✅
WOCKPHARMA,193561,2592,98.66,2015-02-02,2025-08-26,2015-02-02,2025-08-26,0,0,✅
YESBANK,193559,2592,98.66,2015-02-02,2025-08-26,2015-02-02,2025-08-26,0,0,✅
ZEEL,193563,2592,98.66,2015-02-02,2025-08-26,2015-02-02,2025-08-26,0,0,✅
ZENSARTECH,193488,2592,98.66,2015-02-02,2025-08-26,2015-02-02,2025-08-26,0,0,✅
ZENTEC,189406,2553,98.65,2015-03-30,2025-08-26,2015-03-30,2025-08-26,0,0,✅
ZFCVINDIA,192913,2592,98.66,2015-02-02,2025-08-26,2015-02-02,2025-08-26,0,0,✅
ZYDUSLIFE,193563,2592,98.66,2015-02-02,2025-08-26,2015-02-02,2025-08-26,0,0,✅
